strain,i_ambient,i_density,rep,seed,ambient,density,n_agents,time,turns,label,heterogeneity,shot_noise_heterogeneity,heterogeneity_ratio,contrast,k_peak,length_scale,area_fraction,n_dense,n_dilute,euler,dense_percolates,dilute_percolates,label_mean,area_fraction_mean,mean_oxygen,min_oxygen,mean_speed,polar_order,predicted_unstable,predicted_wavelength,predicted_growth_rate,predicted_O_eq,wavelengths_per_box,seconds
N2_LIKE,0,0,0,1353108965,0.3,0.3,9293,1200.000000000004,12000,uniform,0.07578924259872413,0.0663131324278294,1.1428994502892451,0.2752984609450698,0.08300733137948232,75.69434172573169,0.4575477789256198,40,15,25,1,1,uniform,0.4819214876033058,0.13236774210493496,0.08403713701122308,0.2903197400256791,0.002630086878049797,0,nan,-9.059419880941277e-14,0.13027756377319946,inf,36.692764958002954
N2_LIKE,0,0,1,664927603,0.3,0.3,9293,1200.000000000004,12000,uniform,0.0794685236915652,0.06631313242782941,1.1983828961488616,0.2819016205905266,0.08300733137948232,75.69434172573169,0.4442471590909091,43,23,20,0,1,uniform,0.47685304752066116,0.1323534144887887,0.07869813029856448,0.29002208611660346,0.001264443544638999,0,nan,-9.059419880941277e-14,0.13027756377319946,inf,36.56698545800464
N2_LIKE,0,0,2,1051241673,0.3,0.3,9293,1200.000000000004,12000,uniform,0.07186975107744245,0.06631313242782938,1.0837936385475457,0.2680853428993134,0.1513267330299764,41.52065653816069,0.4348850723140496,59,7,52,0,1,uniform,0.4762396694214876,0.13210436813620735,0.08184695634486258,0.29040408729718026,0.009894314766050509,0,nan,-9.059419880941277e-14,0.13027756377319946,inf,36.60873449999781
N2_LIKE,0,1,0,1365551058,0.3,0.4286,13276,1200.000000000004,12000,uniform,0.053914508364289196,0.04641819370682575,1.1614951823590913,0.23219497919698692,0.11806432111508987,53.218324112114246,0.4524793388429752,52,18,34,1,1,uniform,0.48017820247933884,0.09557716529225802,0.05280293889093688,0.2513988056533657,0.013444789034116469,0,nan,-8.153200337090993e-14,0.0932198544718071,inf,47.77989433299808
N2_LIKE,0,1,1,644060996,0.3,0.4286,13276,1200.000000000004,12000,uniform,0.04832987808978051,0.04641819370682575,1.0411839459981755,0.21984057425730244,0.1513267330299764,41.52065653816069,0.4356275826446281,62,14,48,0,1,uniform,0.4755940082644628,0.09540153615387473,0.05374861914532706,0.2515681926662418,0.0056372663018275995,0,nan,-8.153200337090993e-14,0.0932198544718071,inf,47.678982083001756
N2_LIKE,0,1,2,1063962366,0.3,0.4286,13276,1200.000000000004,12000,uniform,0.050334166806086246,0.04641819370682574,1.0843628927914244,0.22435277311877883,0.08300733137948232,75.69434172573169,0.4835356404958678,31,30,1,1,1,uniform,0.4902182334710744,0.09557269849098228,0.055221763893504375,0.2515480338053914,0.010076536280956654,0,nan,-8.153200337090993e-14,0.0932198544718071,inf,47.72363533300813
N2_LIKE,0,2,0,1394743691,0.3,0.5571,17257,1200.000000000004,12000,uniform,0.03760941955049436,0.03571002721514855,1.0531893275774393,0.1939314815869109,0.08300733137948232,75.69434172573169,0.46071151859504134,38,22,16,1,1,uniform,0.48563403925619836,0.07216160853872838,0.040333428732458515,0.2323682181628406,0.013643281561890989,0,nan,-8.004708007547379e-14,0.07020711547612059,inf,53.286452083004406
N2_LIKE,0,2,1,606415133,0.3,0.5571,17257,1200.000000000004,12000,uniform,0.03783106448974458,0.03571002721514855,1.0593961259625215,0.1945020937927008,0.11806432111508987,53.218324112114246,0.47243026859504134,37,15,22,1,1,uniform,0.48921745867768596,0.07221480055074499,0.04207332812386105,0.23237381177720623,0.011594064754655428,0,nan,-8.004708007547379e-14,0.07020711547612059,inf,53.15757895800925
N2_LIKE,0,2,2,1026324647,0.3,0.5571,17257,1200.000000000004,12000,uniform,0.037967908861713966,0.035710027215148564,1.0632282253094332,0.19485355747769648,0.1513267330299764,41.52065653816069,0.4515754132231405,53,22,31,1,1,uniform,0.4806301652892562,0.07215969821185368,0.03965949117342066,0.2323339839325129,0.004814547171323889,0,nan,-8.004708007547379e-14,0.07020711547612059,inf,53.49962074999348
N2_LIKE,0,3,0,1390441404,0.3,0.6857,21240,1200.000000000004,12000,uniform,0.032093727590592334,0.029013556480782427,1.1061631693394811,0.1791472232288079,0.22624739603167093,27.771304410062882,0.47846720041322316,45,22,23,1,1,uniform,0.4894434400826446,0.05717455809565858,0.03071846023602263,0.22184725804852495,0.0014572091463725878,0,nan,-7.943645741192995e-14,0.05543865633811823,inf,61.750273999990895
N2_LIKE,0,3,1,635913002,0.3,0.6857,21240,1200.000000000004,12000,uniform,0.031528602775302145,0.029013556480782427,1.086685212003761,0.1775629544001286,0.22624739603167093,27.771304410062882,0.4684917355371901,48,15,33,0,1,uniform,0.48295454545454547,0.05712276220229483,0.02813130654080774,0.22185613624866624,0.0023557290450346106,0,nan,-7.943645741192995e-14,0.05543865633811823,inf,61.68331604200648
N2_LIKE,0,3,2,1022235280,0.3,0.6857,21240,1200.000000000004,12000,uniform,0.03230602306169004,0.029013556480782427,1.113480282332448,0.17973876338088576,0.04309361131675091,145.80317395532944,0.443827479338843,53,15,38,1,1,uniform,0.4779506714876033,0.05719860416624462,0.02832962669463731,0.22191035249196198,0.008751337356514408,0,nan,-7.943645741192995e-14,0.05543865633811823,inf,61.65647162499954
N2_LIKE,0,4,0,1471112505,0.3,0.8143,25224,1200.000000000004,12000,uniform,0.027506226127352405,0.024431015685530397,1.1258732130258238,0.1658500109356415,0.04309361131675091,145.80317395532944,0.4731727789256198,38,23,15,1,1,uniform,0.4863119834710744,0.046919632339301715,0.027063707981259354,0.2154734506840481,0.006552822190622551,0,nan,-7.893685705084863e-14,0.045470365974513725,inf,69.97309200000018
N2_LIKE,0,4,1,547902895,0.3,0.8143,25224,1200.000000000004,12000,uniform,0.024779799907175198,0.024431015685530397,1.0142762882286296,0.15741600905617953,0.04309361131675091,145.80317395532944,0.4877001549586777,34,34,0,1,1,uniform,0.4919292355371901,0.0468005324169644,0.02670073966327209,0.21547948074861095,0.004528302634621491,0,nan,-7.893685705084863e-14,0.045470365974513725,inf,70.23518341699673
N2_LIKE,0,4,2,966853653,0.3,0.8143,25224,1200.000000000004,12000,uniform,0.02456480630084036,0.024431015685530397,1.0054762608739678,0.15673163784265243,0.04309361131675091,145.80317395532944,0.48556947314049587,38,25,13,1,1,uniform,0.49173553719008267,0.04677138915763936,0.025638897531008956,0.21546368011458225,0.013698366302854743,0,nan,-7.893685705084863e-14,0.045470365974513725,inf,70.11919962499815
N2_LIKE,0,5,0,1449987854,0.3,0.9429,29207,1200.000000000004,12000,uniform,0.022491808412285753,0.02109932343793675,1.0659966647008834,0.14997269222190335,0.08300733137948232,75.69434172573169,0.48253486570247933,30,23,7,1,1,uniform,0.49099302685950413,0.03950895382543904,0.02077346799092454,0.21126361033456306,0.0031053374137505908,0,nan,-7.849276784099857e-14,0.0383976576729456,inf,78.38628616700589
N2_LIKE,0,5,1,560611224,0.3,0.9429,29207,1200.000000000004,12000,uniform,0.022005669765539,0.021099323437936746,1.042956179626719,0.1483430812863849,0.04309361131675091,145.80317395532944,0.47265625,34,19,15,1,1,uniform,0.48695764462809915,0.039497886557994126,0.021961293187783896,0.2112733922213581,0.0025276169170154583,0,nan,-7.849276784099857e-14,0.0383976576729456,inf,78.50878325001395
N2_LIKE,0,5,2,946040354,0.3,0.9429,29207,1200.000000000004,12000,uniform,0.020383880843823556,0.02109932343793675,0.9660916807964173,0.14277212908625952,0.04309361131675091,145.80317395532944,0.4682334710743802,46,26,20,1,1,uniform,0.4877647210743802,0.03942657892264738,0.022915271420551588,0.2112742624352727,0.005864565191820308,0,nan,-7.849276784099857e-14,0.0383976576729456,inf,78.89765916699253
N2_LIKE,0,6,0,1412149591,0.3,1.0714,33188,1200.000000000004,12000,uniform,0.018750506945754104,0.018568396397849175,1.0098075538674962,0.13693249046794592,0.04309361131675091,145.80317395532944,0.4973205061983471,30,35,-5,1,1,uniform,0.49767561983471076,0.03404631639171384,0.020184299670046646,0.20831466559995257,0.005032505269564609,0,nan,-7.810418978237976e-14,0.033165108533360584,inf,87.63896329200361
N2_LIKE,0,6,1,590119361,0.3,1.0714,33188,1200.000000000004,12000,uniform,0.018332234810504014,0.01856839639784918,0.9872815302794525,0.13539658345210936,0.04309361131675091,145.80317395532944,0.47113894628099173,46,34,12,1,1,uniform,0.48669938016528924,0.03400343580169627,0.01981616803771455,0.20831551356148095,0.005481206334505179,0,nan,-7.810418978237976e-14,0.033165108533360584,inf,87.75585066700296
N2_LIKE,0,6,2,975556731,0.3,1.0714,33188,1200.000000000004,12000,uniform,0.01808938555931293,0.01856839639784918,0.9742028967783272,0.1344967864274568,0.11806432111508987,53.218324112114246,0.4734956095041322,42,22,20,1,1,uniform,0.48479467975206614,0.0340099292791818,0.0187277104723541,0.20830558855412892,0.0030561050850978146,0,nan,-7.810418978237976e-14,0.033165108533360584,inf,87.56036079200567
N2_LIKE,0,7,0,1441389408,0.3,1.2,37171,1200.000000000004,12000,uniform,0.016457043607313905,0.01657872910741758,0.9926601430474409,0.1282850092852392,0.11806432111508987,53.218324112114246,0.4764010847107438,42,26,16,0,1,uniform,0.48750645661157027,0.029867126053679877,0.016921585263588012,0.20613580957167832,0.0055587633382965,0,nan,-7.777112287499222e-14,0.02915026221291812,inf,95.39603341600741
N2_LIKE,0,7,1,586083318,0.3,1.2,37171,1200.000000000004,12000,uniform,0.01692674289642004,0.01657872910741758,1.02099158426123,0.13010281663522907,0.19023459739863596,33.028615157805355,0.4487022210743802,58,12,46,0,1,uniform,0.4807915805785124,0.0298696549108129,0.01752478717100122,0.2061373427788548,0.002366689941708271,0,nan,-7.777112287499222e-14,0.02915026221291812,inf,95.75420024999767
N2_LIKE,0,7,2,1005042252,0.3,1.2,37171,1200.000000000004,12000,uniform,0.016824765643908498,0.01657872910741758,1.0148404944007945,0.12971031433123772,0.08300733137948232,75.69434172573169,0.48537577479338845,40,36,4,1,1,uniform,0.49241348140495866,0.02987585996634983,0.016297293413436283,0.2061359635737576,0.004918815260620379,0,nan,-7.777112287499222e-14,0.02915026221291812,inf,96.0739925000089
N2_LIKE,1,0,0,1841751125,0.4,0.3,9293,1200.000000000004,12000,uniform,0.08551079870059444,0.06631313242782941,1.2895002176779755,0.2924222951496593,0.08300733137948232,75.69434172573169,0.43695118801652894,47,24,23,1,1,uniform,0.47220428719008267,0.20199696784837085,0.12960256400945938,0.40272650134296606,0.010033936024742727,0,nan,-7.471107066336913e-14,0.20000000000000004,inf,36.6004877910018
N2_LIKE,1,0,1,448910531,0.4,0.3,9293,1200.000000000004,12000,uniform,0.09681997769650233,0.06631313242782941,1.4600422895400764,0.3111590874400141,0.04309361131675091,145.80317395532944,0.4164191632231405,61,18,43,1,1,uniform,0.46529571280991733,0.20221162041791998,0.11334561325059524,0.401762723324009,0.0077459659600782466,0,nan,-7.471107066336913e-14,0.20000000000000004,inf,36.6002261669928
N2_LIKE,1,0,2,63473017,0.4,0.3,9293,1200.000000000004,12000,uniform,0.0904105290185344,0.06631313242782941,1.3633880003622347,0.3006834365550161,0.04309361131675091,145.80317395532944,0.41932463842975204,60,12,48,1,1,uniform,0.4702027376033058,0.2021506609865455,0.09883198305250605,0.4025493856949946,0.017805857963789206,0,nan,-7.471107066336913e-14,0.20000000000000004,inf,36.773354000004474
N2_LIKE,1,1,0,1812237922,0.4,0.4286,13276,1200.000000000004,12000,uniform,0.057669293714770725,0.04641819370682575,1.2423855628464602,0.2401443185144523,0.11806432111508987,53.218324112114246,0.4135459710743802,48,13,35,0,1,uniform,0.46739411157024796,0.1486711585851477,0.07483139112781706,0.3125283051206495,0.006602675136096466,0,nan,-6.161737786669619e-14,0.1457821029978518,inf,45.21150249999482
N2_LIKE,1,1,1,453230324,0.4,0.4286,13276,1200.000000000004,12000,uniform,0.06086920599569799,0.04641819370682574,1.3113221591547464,0.24671685389469847,0.11806432111508987,53.218324112114246,0.446119576446281,47,19,28,1,1,uniform,0.47820893595041325,0.14877776253782782,0.08020342500570524,0.3121223132388994,0.009532961193822635,0,nan,-6.161737786669619e-14,0.1457821029978518,inf,45.19199233299878
N2_LIKE,1,1,2,34271054,0.4,0.4286,13276,1200.000000000004,12000,uniform,0.058833969513153644,0.04641819370682574,1.2674764960641323,0.24255714690182528,0.04309361131675091,145.80317395532944,0.4497998450413223,60,15,45,0,1,uniform,0.47888688016528924,0.14859027524873325,0.07968328382949344,0.31203329750425196,0.008386496263013157,0,nan,-6.161737786669619e-14,0.1457821029978518,inf,45.30992995800625
N2_LIKE,1,2,0,1849831483,0.4,0.5571,17257,1200.000000000004,12000,uniform,0.04677283067649034,0.035710027215148564,1.3097954362983184,0.21627027229023027,0.08300733137948232,75.69434172573169,0.4527376033057851,48,16,32,1,1,uniform,0.4799522210743802,0.11219887076230985,0.054689605658751826,0.267797216365977,0.005439391801223118,0,nan,-6.96942503708442e-14,0.109200084121962,inf,55.85895024999627
N2_LIKE,1,2,1,423952557,0.4,0.5571,17257,1200.000000000004,12000,uniform,0.04252656684091508,0.03571002721514855,1.190885870366262,0.20621970526822864,0.08300733137948232,75.69434172573169,0.46674845041322316,41,20,21,1,1,uniform,0.4857631714876033,0.11207351732184614,0.05992739945966616,0.2680017236483116,0.0008375194971202996,0,nan,-6.96942503708442e-14,0.109200084121962,inf,55.852039915989735
N2_LIKE,1,2,2,5001495,0.4,0.5571,17257,1200.000000000004,12000,uniform,0.04098004203967626,0.035710027215148564,1.1475780119902037,0.20243527864400576,0.11806432111508987,53.218324112114246,0.4571926652892562,47,17,30,0,1,uniform,0.485860020661157,0.111963797836008,0.06069844636981611,0.26803217726694034,0.016331179619706666,0,nan,-6.96942503708442e-14,0.109200084121962,inf,55.89144545899762
N2_LIKE,1,3,0,1870682636,0.4,0.6857,21240,1200.000000000004,12000,uniform,0.03483624562993175,0.029013556480782427,1.2006885696004235,0.1866447042643636,0.11806432111508987,53.218324112114246,0.45225335743801653,55,19,36,1,1,uniform,0.4821797520661157,0.08756880959655125,0.04661763792485856,0.24479365406192932,0.004686546366965474,0,nan,-7.466249840604178e-14,0.08498290391888434,inf,63.54525729200395
N2_LIKE,1,3,1,411527834,0.4,0.6857,21240,1200.000000000004,12000,uniform,0.035259794130970835,0.02901355648078242,1.2152868661353429,0.18777591467217203,0.11806432111508987,53.218324112114246,0.47498063016528924,34,29,5,1,1,uniform,0.4856663223140496,0.08760524482623085,0.0488577568940759,0.24474152970758184,0.005095522963891299,0,nan,-7.466249840604178e-14,0.08498290391888434,inf,63.48438087500108
N2_LIKE,1,3,2,26098464,0.4,0.6857,21240,1200.000000000004,12000,uniform,0.0328890139609525,0.029013556480782427,1.1335740236719012,0.18135328494668218,0.11806432111508987,53.218324112114246,0.4620674070247934,42,19,23,1,1,uniform,0.484504132231405,0.08746721189326875,0.04479156809362439,0.24485307668915307,0.005498446674295637,0,nan,-7.466249840604178e-14,0.08498290391888434,inf,63.55635479200282
N2_LIKE,1,4,0,1791970441,0.4,0.8143,25224,1200.000000000004,12000,uniform,0.027016291088801266,0.024431015685530397,1.1058193992647647,0.16436633198073525,0.04309361131675091,145.80317395532944,0.44560304752066116,50,22,28,0,1,uniform,0.48043646694214875,0.07063601540620387,0.03985393169015419,0.2314512756014895,0.009709688562150397,0,nan,-7.688294445529209e-14,0.06862004543082227,inf,70.33674549999705
N2_LIKE,1,4,1,499678239,0.4,0.8143,25224,1200.000000000004,12000,uniform,0.0269353165534086,0.024431015685530397,1.1025049838333743,0.16411982376729692,0.04309361131675091,145.80317395532944,0.46577995867768596,36,34,2,0,1,uniform,0.48524664256198347,0.07063906063168593,0.039043760986732304,0.2314750762519189,0.003862323261834984,0,nan,-7.688294445529209e-14,0.06862004543082227,inf,70.53511337500822
N2_LIKE,1,4,2,79768997,0.4,0.8143,25224,1200.000000000004,12000,uniform,0.02749096029454692,0.024431015685530397,1.1252483584147022,0.16580398154009124,0.1513267330299764,41.52065653816069,0.4799522210743802,33,29,4,1,1,uniform,0.4898308367768595,0.0706740473363842,0.0351483217892847,0.23146924196543783,0.006504266772344732,0,nan,-7.688294445529209e-14,0.06862004543082227,inf,70.40260683299857
N2_LIKE,1,5,0,1796023998,0.4,0.9429,29207,1200.000000000004,12000,uniform,0.021356884094626872,0.021099323437936746,1.0122070576076876,0.14613994695026705,0.08300733137948232,75.69434172573169,0.47717587809917356,37,29,8,1,1,uniform,0.4894434400826446,0.058743195711536626,0.03268565979076477,0.2232110397351847,0.004311733063207091,0,nan,-7.777112287499222e-14,0.057139622810768564,inf,78.7450836670032
N2_LIKE,1,5,1,470423080,0.4,0.9429,29207,1200.000000000004,12000,uniform,0.024084330760354405,0.021099323437936753,1.1414740776498353,0.15519127153404733,0.08300733137948232,75.69434172573169,0.4432786673553719,49,20,29,1,1,uniform,0.47417355371900827,0.0588843380375284,0.028023084347726657,0.22321152877404637,0.004905900911925803,0,nan,-7.777112287499222e-14,0.057139622810768564,inf,78.61960770899896
N2_LIKE,1,5,2,84101010,0.4,0.9429,29207,1200.000000000004,12000,uniform,0.02195014589418911,0.02109932343793675,1.0403246321501747,0.14815581626851207,0.04309361131675091,145.80317395532944,0.46884684917355374,46,22,24,1,1,uniform,0.48782928719008267,0.058789411054290815,0.03278639575262651,0.22322654038986006,0.0054348091103573765,0,nan,-7.777112287499222e-14,0.057139622810768564,inf,78.86123516700172
N2_LIKE,1,6,0,1766562023,0.4,1.0714,33188,1200.000000000004,12000,uniform,0.019856215477011725,0.01856839639784918,1.0693554279847082,0.14091208421214885,0.11806432111508987,53.218324112114246,0.500129132231405,32,30,2,1,1,uniform,0.5000322830578512,0.05017888088698998,0.02858153264993179,0.2176550823863181,0.0004839843182147673,0,nan,-7.80486786311485e-14,0.04877035572061762,inf,86.2379185000027
N2_LIKE,1,6,1,508340337,0.4,1.0714,33188,1200.000000000004,12000,uniform,0.01817557788602849,0.01856839639784918,0.9788447799473845,0.13481683087073545,0.19023459739863596,33.028615157805355,0.4874418904958678,35,25,10,1,1,uniform,0.4942858987603306,0.05001889827389142,0.028953298965419694,0.21763711610352332,0.006822448093515157,0,nan,-7.80486786311485e-14,0.04877035572061762,inf,86.44684999999299
N2_LIKE,1,6,2,122026443,0.4,1.0714,33188,1200.000000000004,12000,uniform,0.019012161282295607,0.01856839639784918,1.023898934239568,0.13788459407162065,0.08300733137948232,75.69434172573169,0.4840521694214876,29,29,0,1,0,uniform,0.4936402376033058,0.050101024647010994,0.0289067848546515,0.21765731868337476,0.007293129555642989,0,nan,-7.80486786311485e-14,0.04877035572061762,inf,86.34438470799068
N2_LIKE,1,7,0,1753871056,0.4,1.2,37171,1200.000000000004,12000,uniform,0.017157409079653015,0.016578729107417575,1.034904965783929,0.13098629348009286,0.19023459739863596,33.028615157805355,0.46649018595041325,38,20,18,0,1,uniform,0.4858277376033058,0.04352128289436838,0.026366830614986868,0.21370605000280796,0.0020052834096170764,0,nan,-7.80486786311485e-14,0.042442890089805244,inf,94.91796495798917
N2_LIKE,1,7,1,529449542,0.4,1.2,37171,1200.000000000004,12000,uniform,0.017880067364938523,0.016578729107417575,1.078494452083104,0.13371636909869533,0.04309361131675091,145.80317395532944,0.47262396694214875,45,24,21,1,1,uniform,0.48786157024793386,0.04357489332277606,0.024416832920566983,0.21372927440160985,0.006365966830482305,0,nan,-7.80486786311485e-14,0.042442890089805244,inf,95.18786929101043
N2_LIKE,1,7,2,109548540,0.4,1.2,37171,1200.000000000004,12000,uniform,0.01863498056340173,0.01657872910741758,1.1240294984411172,0.1365100016973179,0.26194121725916525,23.987005072832766,0.46897598140495866,33,27,6,1,1,uniform,0.4884426652892562,0.04362865516632114,0.024485906565166436,0.21371887959536262,0.0059204183747704475,0,nan,-7.80486786311485e-14,0.042442890089805244,inf,95.1001289160049
N2_LIKE,2,0,0,711368325,0.5,0.3,9293,1200.000000000004,12000,uniform,0.10068142682518637,0.0663131324278294,1.5182728237843544,0.31730336718223834,0.08300733137948232,75.69434172573169,0.38988248966942146,77,13,64,0,1,uniform,0.45593362603305787,0.2809697594987585,0.15641805659698924,0.6025300289323741,0.00509040743556146,0,nan,-5.353356646864427e-14,0.279128784747792,inf,35.97883920800814
N2_LIKE,2,0,1,1566682643,0.5,0.3,9293,1200.000000000004,12000,uniform,0.10541101666476206,0.0663131324278294,1.589594893281268,0.32467062796742496,0.11806432111508987,53.218324112114246,0.4089940599173554,56,16,40,0,1,uniform,0.4597753099173554,0.2811333242393833,0.16149831540986936,0.6005538370856777,0.004792131408353918,0,nan,-5.353356646864427e-14,0.279128784747792,inf,36.07601683300163
N2_LIKE,2,0,2,1147731881,0.5,0.3,9293,1200.000000000004,12000,uniform,0.09704708123382047,0.0663131324278294,1.463467003906651,0.3115238052441907,0.08300733137948232,75.69434172573169,0.39985795454545453,71,15,56,0,1,uniform,0.45877453512396693,0.28082581804564,0.17013114175253385,0.6026091436348664,0.0035119034167526452,0,nan,-5.353356646864427e-14,0.279128784747792,inf,36.15332733299874
N2_LIKE,2,1,0,732230834,0.5,0.4286,13276,1200.000000000004,12000,uniform,0.07823573113018087,0.04641819370682575,1.6854540188339209,0.2797065089163655,0.08300733137948232,75.69434172573169,0.43030087809917356,40,15,25,1,1,uniform,0.4691373966942149,0.2135383701345546,0.10586411952240002,0.42545775344278497,0.008654196389175518,1,137.08470494052045,2.3789041735139405e-05,0.20976358472540782,1.2838777314826222,44.475364541998715
N2_LIKE,2,1,1,1554236452,0.5,0.4286,13276,1200.000000000004,12000,uniform,0.084097326790237,0.04641819370682574,1.8117319971860644,0.28999539098102406,0.11806432111508987,53.218324112114246,0.39905087809917356,60,12,48,0,1,uniform,0.464972882231405,0.21396829840407958,0.10203255074231074,0.4253371629132072,0.0029402674146363477,1,137.08470494052045,2.3789041735139405e-05,0.20976358472540782,1.2838777314826222,44.600485917006154
N2_LIKE,2,1,2,1168807326,0.5,0.4286,13276,1200.000000000004,12000,uniform,0.07556598597677272,0.046418193706825754,1.6279389597544984,0.27489268083521745,0.11806432111508987,53.218324112114246,0.45758006198347106,30,31,-1,1,1,uniform,0.483567923553719,0.21335472205596398,0.10687854783033426,0.4254286092168378,0.006222690050303273,1,137.08470494052045,2.3789041735139405e-05,0.20976358472540782,1.2838777314826222,44.61633033399994
N2_LIKE,2,2,0,702696171,0.5,0.5571,17257,1200.000000000004,12000,uniform,0.05688466919361522,0.03571002721514855,1.5929606788281634,0.23850507163080456,0.1513267330299764,41.52065653816069,0.4378873966942149,48,18,30,1,1,uniform,0.475755423553719,0.16295945963415762,0.08945875689944398,0.33295716856468865,0.005182769812288916,0,nan,-2.285671651947041e-14,0.1584523259379536,inf,52.94983754200803
N2_LIKE,2,2,1,1592097405,0.5,0.5571,17257,1200.000000000004,12000,uniform,0.055723826092804137,0.03571002721514855,1.5604531958789865,0.2360589462248871,0.1513267330299764,41.52065653816069,0.4464746900826446,38,20,18,1,1,uniform,0.4809852789256198,0.16268063699581156,0.08245096834940711,0.3327953753357568,0.004900303853055569,0,nan,-2.285671651947041e-14,0.1584523259379536,inf,52.637720792001346
N2_LIKE,2,2,2,1206660039,0.5,0.5571,17257,1200.000000000004,12000,uniform,0.05965153336440564,0.03571002721514855,1.6704421143398307,0.24423663395241435,0.11806432111508987,53.218324112114246,0.4417290805785124,39,16,23,1,1,uniform,0.47407670454545453,0.1630698005833965,0.08591038479504186,0.33275233676712845,0.0045504337105312905,0,nan,-2.285671651947041e-14,0.1584523259379536,inf,52.79552529199282
N2_LIKE,2,3,0,673194204,0.5,0.6857,21240,1200.000000000004,12000,uniform,0.0380738429411592,0.029013556480782427,1.3122776922015058,0.19512519811946175,0.19023459739863596,33.028615157805355,0.4471849173553719,49,10,39,0,1,uniform,0.47830578512396693,0.12593367618096796,0.05732792673728553,0.2837509487586938,0.006435730626239776,0,nan,-5.200007091588077e-14,0.12249152049764093,inf,62.655098041999736
N2_LIKE,2,3,1,1596395594,0.5,0.6857,21240,1200.000000000004,12000,uniform,0.04094339258644894,0.029013556480782427,1.4111814459412593,0.20234473698727362,0.11806432111508987,53.218324112114246,0.421745867768595,69,9,60,0,1,uniform,0.4736247417355372,0.1262823321262209,0.0653011073917972,0.28391187000664225,0.006594980721127537,0,nan,-5.200007091588077e-14,0.12249152049764093,inf,62.82095133299299
N2_LIKE,2,3,2,1177436656,0.5,0.6857,21240,1200.000000000004,12000,uniform,0.03973288620676864,0.029013556480782427,1.3694593502553305,0.19933109693865791,0.04309361131675091,145.80317395532944,0.43914643595041325,54,18,36,1,1,uniform,0.47724044421487605,0.12620672844664058,0.06445389917034391,0.28396606410152825,0.006829138926557431,0,nan,-5.200007091588077e-14,0.12249152049764093,inf,62.78053741599433
N2_LIKE,2,4,0,762263129,0.5,0.8143,25224,1200.000000000004,12000,uniform,0.030739737458783365,0.0244310156855304,1.2582259311056556,0.17532751483661474,0.04309361131675091,145.80317395532944,0.45335098140495866,50,19,31,1,1,uniform,0.4793065599173554,0.10064329818323811,0.05349116082843092,0.25688682646515026,0.0006369295412722104,0,nan,-6.576683642123271e-14,0.09766325840586397,inf,72.92379858299682
N2_LIKE,2,4,1,1516766927,0.5,0.8143,25224,1200.000000000004,12000,uniform,0.031153907853246076,0.02443101568553039,1.2751785785024654,0.17650469640563696,0.11806432111508987,53.218324112114246,0.48011363636363635,28,30,-2,1,1,uniform,0.48995996900826444,0.10079001618030409,0.04935316856607316,0.25697385049244376,0.0069217834447433315,0,nan,-6.576683642123271e-14,0.09766325840586397,inf,73.17379395800526
N2_LIKE,2,4,2,1130452853,0.5,0.8143,25224,1200.000000000004,12000,uniform,0.03062877395194328,0.024431015685530397,1.2536840197799712,0.17501078238766685,0.08300733137948232,75.69434172573169,0.47911286157024796,36,32,4,1,1,uniform,0.4920260847107438,0.10058524730580874,0.054326610973807477,0.2567837081395135,0.0015445798296604323,0,nan,-6.576683642123271e-14,0.09766325840586397,inf,73.23318045800261
N2_LIKE,2,5,0,749558894,0.5,0.9429,29207,1200.000000000004,12000,uniform,0.025147680377745656,0.021099323437936746,1.1918714100818006,0.15858020172059833,0.08300733137948232,75.69434172573169,0.48531120867768596,39,35,4,1,1,uniform,0.49273631198347106,0.08273660143502089,0.044447641624825354,0.24106181355654455,0.0019379389001760873,0,nan,-7.210898544940392e-14,0.08023892860026174,inf,79.7820890419971
N2_LIKE,2,5,1,1537895672,0.5,0.9429,29207,1200.000000000004,12000,uniform,0.02350134546745685,0.02109932343793675,1.1138435569550655,0.1533014855357144,0.11806432111508987,53.218324112114246,0.4902182334710744,30,18,12,1,1,uniform,0.4927040289256198,0.08255256474271894,0.04594253174854939,0.24100417169780056,0.007361393855196781,0,nan,-7.210898544940392e-14,0.08023892860026174,inf,79.41522199999599
N2_LIKE,2,5,2,1117994306,0.5,0.9429,29207,1200.000000000004,12000,uniform,0.023865037902787135,0.02109932343793675,1.1310807179664164,0.1544831314506122,0.1513267330299764,41.52065653816069,0.45170454545454547,54,28,26,0,1,uniform,0.48108212809917356,0.08263274864172412,0.039785371870603534,0.24107582733110258,0.006464237472921234,0,nan,-7.210898544940392e-14,0.08023892860026174,inf,79.64094324999314
N2_LIKE,2,6,0,787210807,0.5,1.0714,33188,1200.000000000004,12000,uniform,0.021990037906300434,0.01856839639784918,1.1842723213754522,0.1482903837283471,0.04309361131675091,145.80317395532944,0.4472817665289256,56,19,37,1,1,uniform,0.4813726756198347,0.0697393503990746,0.03623947327948109,0.23101071337601164,0.010743990892643596,0,nan,-7.510658761589184e-14,0.06765405043212348,inf,88.44919812500302
N2_LIKE,2,6,1,1508692641,0.5,1.0714,33188,1200.000000000004,12000,uniform,0.02032407982316465,0.01856839639784918,1.0945522374521708,0.14256254705624702,0.22624739603167093,27.771304410062882,0.47879003099173556,34,23,11,1,1,uniform,0.490702479338843,0.06953599834334359,0.04064389314286781,0.23089962288722918,0.002654079926398163,0,nan,-7.510658761589184e-14,0.06765405043212348,inf,88.63241700000071
N2_LIKE,2,6,2,1088783131,0.5,1.0714,33188,1200.000000000004,12000,uniform,0.022073767693962305,0.01856839639784918,1.1887815846348022,0.1485724324831572,0.11806432111508987,53.218324112114246,0.45283445247933884,44,17,27,1,1,uniform,0.4829868285123967,0.0697248106039068,0.03906072085097637,0.23095672218275498,0.005297276027389718,0,nan,-7.510658761589184e-14,0.06765405043212348,inf,88.61117220799497
N2_LIKE,2,7,0,791250944,0.5,1.2,37171,1200.000000000004,12000,uniform,0.017621901067736728,0.01657872910741758,1.062922311689888,0.13274750870632837,0.04309361131675091,145.80317395532944,0.4619059917355372,48,24,24,1,1,uniform,0.4854080578512397,0.05984138669478603,0.032972350370856496,0.22407072230361613,0.0037344699129741553,0,nan,-7.654987754790454e-14,0.05825756949558401,inf,102.1133738750068
N2_LIKE,2,7,1,1479456918,0.5,1.2,37171,1200.000000000004,12000,uniform,0.020610830660738842,0.016578729107417575,1.2432093272769167,0.143564726380608,0.22624739603167093,27.771304410062882,0.470364152892562,38,25,13,1,1,uniform,0.48695764462809915,0.06008238507074126,0.03401042925875997,0.22408134361439716,0.006541549745815566,0,nan,-7.654987754790454e-14,0.05825756949558401,inf,102.41651608300162
N2_LIKE,2,7,2,1093134636,0.5,1.2,37171,1200.000000000004,12000,uniform,0.01770943115043182,0.016578729107417575,1.068201973485914,0.1330767866700719,0.11806432111508987,53.218324112114246,0.5053267045454546,36,28,8,1,1,uniform,0.49799845041322316,0.05986105111636296,0.03509113235282468,0.2240884567420736,0.007001356848277295,0,nan,-7.654987754790454e-14,0.05825756949558401,inf,102.63737495899841
N2_LIKE,3,0,0,386316085,0.6,0.3,9293,1200.000000000004,12000,uniform,0.08382976201911085,0.0663131324278294,1.2641502361594115,0.28953369755368863,0.04309361131675091,145.80317395532944,0.3975335743801653,77,21,56,0,1,uniform,0.4616477272727273,0.36532402108346146,0.2110615159522611,0.8940778839548343,0.010880867722940831,0,nan,-3.3851393910211414e-13,0.3645751311064591,inf,38.52908137500344
N2_LIKE,3,0,1,1610712995,0.6,0.3,9293,1200.000000000004,12000,uniform,0.10281676792179398,0.0663131324278294,1.5504737019276327,0.32065053862701365,0.11806432111508987,53.218324112114246,0.35869705578512395,87,9,78,0,1,uniform,0.45057463842975204,0.36581430118035185,0.1607106560099953,0.8888681914964296,0.023614454450749382,0,nan,-3.3851393910211414e-13,0.3645751311064591,inf,38.69185012498929
N2_LIKE,3,0,2,2030622233,0.6,0.3,9293,1200.000000000004,12000,uniform,0.08391328679967713,0.0663131324278294,1.2654097872846306,0.28967790181454495,0.11806432111508987,53.218324112114246,0.4161931818181818,69,17,52,0,1,uniform,0.4643272210743802,0.365401514580189,0.24089078216388035,0.8934308743638141,0.012208687626360041,0,nan,-3.3851393910211414e-13,0.3645751311064591,inf,38.62376529200992
N2_LIKE,3,1,0,382000386,0.6,0.4286,13276,1200.000000000004,12000,dots,0.15141003265541086,0.04641819370682575,3.261868258202951,0.38911442103243987,0.08300733137948232,75.69434172573169,0.3066567665289256,48,12,36,0,1,stripes,0.42313403925619836,0.2913941444812889,0.09201323529038795,0.6095416565300384,0.0039962953896257435,1,71.80702004723712,0.0007218943678141063,0.28323684574220465,2.4510138407668385,50.8221639580006
N2_LIKE,3,1,1,1640230292,0.6,0.4286,13276,1200.000000000004,12000,uniform,0.12931659897711498,0.04641819370682574,2.785903298906246,0.35960617205091877,0.08300733137948232,75.69434172573169,0.297004132231405,66,11,55,0,1,uniform,0.42833161157024796,0.28998105221246795,0.10647248525251349,0.6122393345072493,0.004286227486163421,1,71.80702004723712,0.0007218943678141063,0.28323684574220465,2.4510138407668385,50.85169529198902
N2_LIKE,3,1,2,2026552366,0.6,0.4286,13276,1200.000000000004,12000,stripes,0.1450532764010689,0.04641819370682575,3.124922898060529,0.3808586042103669,0.11806432111508987,53.218324112114246,0.3137913223140496,60,10,50,1,1,stripes,0.4341748450413223,0.2911235769315455,0.08980302869873327,0.6087415851908761,0.014210544165440323,1,71.80702004723712,0.0007218943678141063,0.28323684574220465,2.4510138407668385,50.91523629199946
N2_LIKE,3,2,0,344089435,0.6,0.5571,17257,1200.000000000004,12000,uniform,0.09533441355681847,0.03571002721514855,2.669681907057653,0.3087627140002796,0.08300733137948232,75.69434172573169,0.38988248966942146,46,13,33,0,1,uniform,0.462551652892562,0.22625057637401544,0.07995773935023182,0.448195344307554,0.00602074087328908,1,57.99810519738235,0.000686186029706104,0.21805718257990783,3.0345818954089463,59.482732167001814
N2_LIKE,3,2,1,1669682125,0.6,0.5571,17257,1200.000000000004,12000,uniform,0.0965597420994485,0.035710027215148564,2.703995197698613,0.3107406347735173,0.11806432111508987,53.218324112114246,0.4339811466942149,43,22,21,1,1,uniform,0.4696539256198347,0.22657967307503304,0.08065633768930429,0.448612955575423,0.005295686152666433,1,57.99810519738235,0.000686186029706104,0.21805718257990783,3.0345818954089463,59.52411924999615
N2_LIKE,3,2,2,2055996023,0.6,0.5571,17257,1200.000000000004,12000,uniform,0.10544666161225859,0.035710027215148564,2.9528586180277965,0.3247255173408129,0.08300733137948232,75.69434172573169,0.41709710743801653,33,23,10,1,1,uniform,0.46723269628099173,0.22769965598691694,0.0790635211794905,0.44916376080981635,0.008303406286118403,1,57.99810519738235,0.000686186029706104,0.21805718257990783,3.0345818954089463,59.34912791599345
N2_LIKE,3,3,0,356518252,0.6,0.6857,21240,1200.000000000004,12000,uniform,0.061588422520908966,0.029013556480782427,2.1227463982811967,0.24817014832753145,0.08300733137948232,75.69434172573169,0.4746255165289256,27,23,4,1,1,uniform,0.49131585743801653,0.1761242541936456,0.07660429291031533,0.3530748418135974,0.004844028824862704,1,88.70255094494573,5.878912470708153e-05,0.16910633701057892,1.984159397053152,65.66489216699847
N2_LIKE,3,3,1,1648835066,0.6,0.6857,21240,1200.000000000004,12000,uniform,0.06064637904714829,0.02901355648078242,2.0902773187188672,0.24626485548520377,0.11806432111508987,53.218324112114246,0.45212422520661155,36,12,24,1,1,uniform,0.4811789772727273,0.17547768623138277,0.06714336435964695,0.35246406728452795,0.008406630786908979,1,88.70255094494573,5.878912470708153e-05,0.16910633701057892,1.984159397053152,65.98241333299666
N2_LIKE,3,3,2,2068736064,0.6,0.6857,21240,1200.000000000004,12000,uniform,0.06054648419333264,0.029013556480782427,2.0868342780877804,0.24606195194164546,0.08300733137948232,75.69434172573169,0.4693310950413223,35,16,19,1,1,uniform,0.4879584194214876,0.1757564703185444,0.08402608405887656,0.35281369666566886,0.005925136080099254,1,88.70255094494573,5.878912470708153e-05,0.16910633701057892,1.984159397053152,65.96769570899778
N2_LIKE,3,4,0,269426665,0.6,0.8143,25224,1200.000000000004,12000,uniform,0.03800095207257599,0.024431015685530397,1.5554388962667063,0.19493832889551505,0.1513267330299764,41.52065653816069,0.450703770661157,46,18,28,1,1,uniform,0.4809529958677686,0.13836438747797758,0.06688738906839566,0.29907452090797676,0.009151844851424661,0,nan,-2.892130979148533e-14,0.13387598251702543,inf,76.17167266699835
N2_LIKE,3,4,1,1728589695,0.6,0.8143,25224,1200.000000000004,12000,uniform,0.03872472201719524,0.02443101568553039,1.5850639414934558,0.19678598023536953,0.11806432111508987,53.218324112114246,0.48253486570247933,33,29,4,1,1,uniform,0.48947572314049587,0.1387711609727082,0.06795543619210291,0.2996878584282722,0.00924826363452127,0,nan,-2.892130979148533e-14,0.13387598251702543,inf,76.46242850000272
N2_LIKE,3,4,2,2114027205,0.6,0.8143,25224,1200.000000000004,12000,uniform,0.0409786792199862,0.024431015685530397,1.6773219643199846,0.2024319125532983,0.1513267330299764,41.52065653816069,0.452317923553719,40,21,19,0,1,uniform,0.47820893595041325,0.1390353949262196,0.06537507445816601,0.2997428913543918,0.006240962318805451,0,nan,-2.892130979148533e-14,0.13387598251702543,inf,76.7066593329946
N2_LIKE,3,5,0,298677726,0.6,0.9429,29207,1200.000000000004,12000,uniform,0.028957439230079624,0.02109932343793675,1.3724344913360549,0.1701688550530902,0.08300733137948232,75.69434172573169,0.47220428719008267,36,21,15,1,1,uniform,0.48750645661157027,0.11250892009970696,0.05860255684197523,0.2690735431299935,0.003972893865751979,0,nan,-5.34711164235091e-14,0.10876220828430919,inf,88.48611854200135
N2_LIKE,3,5,1,1724532040,0.6,0.9429,29207,1200.000000000004,12000,uniform,0.0304068615482588,0.02109932343793675,1.4411296948786056,0.17437563347055918,0.04309361131675091,145.80317395532944,0.4886686466942149,29,24,5,1,1,uniform,0.49564178719008267,0.11261924813788211,0.053129445175651185,0.26898444229240637,0.004713340871693809,0,nan,-5.34711164235091e-14,0.10876220828430919,inf,88.94500083300227
N2_LIKE,3,5,2,2143491314,0.6,0.9429,29207,1200.000000000004,12000,uniform,0.030807763033124054,0.021099323437936746,1.460130374499661,0.1755214033476375,0.22624739603167093,27.771304410062882,0.4776278409090909,36,31,5,1,1,uniform,0.4910253099173554,0.11271233466593128,0.05729740479505626,0.2691225815181476,0.0020092121801261634,0,nan,-5.34711164235091e-14,0.10876220828430919,inf,88.64401095799985
N2_LIKE,3,6,0,327928711,0.6,1.0714,33188,1200.000000000004,12000,uniform,0.022837086888431946,0.01856839639784918,1.2298900992374988,0.15111944576536782,0.04309361131675091,145.80317395532944,0.4837293388429752,41,30,11,1,1,uniform,0.4893143078512397,0.09340098330964244,0.05002225994189601,0.2504625645498941,0.003224507586699627,0,nan,-6.511458039426543e-14,0.09063029375802314,inf,102.17286991600122
N2_LIKE,3,6,1,1686960913,0.6,1.0714,33188,1200.000000000004,12000,uniform,0.023258183763548435,0.01856839639784918,1.2525682490407455,0.1525063400765635,0.04309361131675091,145.80317395532944,0.4594847623966942,37,21,16,1,1,uniform,0.48395532024793386,0.09345794145158393,0.04894110598679691,0.2505404898197143,0.005007310066777038,0,nan,-6.511458039426543e-14,0.09063029375802314,inf,102.61023237499467
N2_LIKE,3,6,2,2105911979,0.6,1.0714,33188,1200.000000000004,12000,uniform,0.022580341877108733,0.01856839639784918,1.2160631103138375,0.1502675676155994,0.11806432111508987,53.218324112114246,0.4854080578512397,43,28,15,1,1,uniform,0.4925748966942149,0.0934344949896138,0.042096711962775174,0.2506128948789294,0.0067994559113047056,0,nan,-6.511458039426543e-14,0.09063029375802314,inf,102.10948637500405
N2_LIKE,3,7,0,306815408,0.6,1.2,37171,1200.000000000004,12000,uniform,0.02041771057961223,0.016578729107417575,1.2315606610929564,0.14289055455001995,0.1513267330299764,41.52065653816069,0.4999354338842975,30,28,2,1,1,uniform,0.49696539256198347,0.07962079910875193,0.04184834310707569,0.23866243751032504,0.006634326792213393,0,nan,-7.091549569793187e-14,0.07720018726587656,inf,109.23299354100891
N2_LIKE,3,7,1,1699647782,0.6,1.2,37171,1200.000000000004,12000,uniform,0.019267275568534206,0.016578729107417575,1.162168429419221,0.1388066121210881,0.22624739603167093,27.771304410062882,0.4916064049586777,31,28,3,1,1,uniform,0.49351110537190085,0.07946787039610202,0.04289552724912353,0.23864168881722359,0.006817313463345309,0,nan,-7.091549569793187e-14,0.07720018726587656,inf,108.84167133299343
N2_LIKE,3,7,2,2085077148,0.6,1.2,37171,1200.000000000004,12000,uniform,0.01992930631060231,0.016578729107417575,1.2021009681427048,0.14117119504559814,0.08300733137948232,75.69434172573169,0.4708483987603306,40,17,23,0,1,uniform,0.48883006198347106,0.07954921605513395,0.041190000050299706,0.23866033585509752,0.007759526195849338,0,nan,-7.091549569793187e-14,0.07720018726587656,inf,109.0094538750127
N2_LIKE,4,0,0,623274789,0.7,0.3,9293,1200.000000000004,12000,uniform,0.06986529348338033,0.0663131324278294,1.0535664796021642,0.26432043712770364,0.11806432111508987,53.218324112114246,0.44137396694214875,60,18,42,0,1,uniform,0.47472236570247933,0.4541217293417497,0.3567994818446121,1.1964689531431865,0.0029743951111779673,0,nan,-1.4550305404981145e-12,0.4541381265149109,inf,42.51889800000936
N2_LIKE,4,0,1,1377917875,0.7,0.3,9293,1200.000000000004,12000,uniform,0.0813718726786323,0.06631313242782941,1.2270853404066198,0.28525755498957833,0.04309361131675091,145.80317395532944,0.400858729338843,73,11,62,0,1,uniform,0.4618414256198347,0.45418018714059794,0.3225497601706457,1.192654462618194,0.015730944081717546,0,nan,-1.4550305404981145e-12,0.4541381265149109,inf,42.55640745899291
N2_LIKE,4,0,2,1260915209,0.7,0.3,9293,1200.000000000004,12000,uniform,0.07730602229089042,0.0663131324278294,1.165772441454563,0.27803960561562163,0.11806432111508987,53.218324112114246,0.4249418904958678,69,13,56,1,1,uniform,0.46833032024793386,0.45409647197221575,0.34786020802572204,1.194816492017523,0.01225053909367524,0,nan,-1.4550305404981145e-12,0.4541381265149109,inf,42.3955954159901
N2_LIKE,4,1,0,618922258,0.7,0.4286,13276,1200.000000000004,12000,dots,0.19386290995996278,0.046418193706825754,4.176442348971787,0.4402986599570373,0.08300733137948232,75.69434172573169,0.15712164256198347,40,4,36,0,1,stripes,0.37041580578512395,0.37360713639485593,0.09369541967304883,0.8553104187637434,0.008458333399908164,1,115.99513968015346,0.0002269388406806322,0.363808773683967,1.5173049533394654,51.60171874999651
N2_LIKE,4,1,1,1407398276,0.7,0.4286,13276,1200.000000000004,12000,dots,0.2593394290601055,0.04641819370682575,5.587021130078353,0.5092537963138866,0.08300733137948232,75.69434172573169,0.1444344008264463,21,3,18,0,1,dots,0.3340650826446281,0.3772159637618507,0.06846290079225396,0.843726748167867,0.006830712979167226,1,115.99513968015346,0.0002269388406806322,0.363808773683967,1.5173049533394654,51.80453949999355
N2_LIKE,4,1,2,1256874046,0.7,0.4286,13276,1200.000000000004,12000,dots,0.1881759763070272,0.04641819370682575,4.053927162602109,0.4337925498519162,0.11806432111508987,53.218324112114246,0.1893724173553719,48,3,45,0,1,stripes,0.3817471590909091,0.3730214163911307,0.0876062669410346,0.8524997933237966,0.013841254706501877,1,115.99513968015346,0.0002269388406806322,0.363808773683967,1.5173049533394654,51.61454620899167
N2_LIKE,4,2,0,648200011,0.7,0.5571,17257,1200.000000000004,12000,dots,0.2609622858166008,0.035710027215148564,7.307815371977591,0.5108446787592104,0.11806432111508987,53.218324112114246,0.2873514979338843,21,3,18,0,1,stripes,0.39136751033057854,0.31204772414079696,0.07653698483637833,0.6140204108439004,0.0022250425460566704,1,48.64364452267008,0.002961510215387278,0.28689321897535824,3.6181499500510546,59.09160116700514
N2_LIKE,4,2,1,1369804765,0.7,0.5571,17257,1200.000000000004,12000,dots,0.2928762105538022,0.035710027215148564,8.201511827175564,0.5411803863350946,0.08300733137948232,75.69434172573169,0.29690728305785125,12,6,6,0,1,stripes,0.38326446280991733,0.3154617691251198,0.07068223973696676,0.6106211725219931,0.008396471829325609,1,48.64364452267008,0.002961510215387278,0.28689321897535824,3.6181499500510546,59.222107417008374
N2_LIKE,4,2,2,1219288679,0.7,0.5571,17257,1200.000000000004,12000,dots,0.29909113460373393,0.035710027215148564,8.375550452587063,0.5468922513655994,0.11806432111508987,53.218324112114246,0.2854790805785124,14,3,11,0,1,stripes,0.3787125516528926,0.315118320904378,0.061604327138599695,0.6114484569916022,0.007280748239561819,1,48.64364452267008,0.002961510215387278,0.28689321897535824,3.6181499500510546,59.26627337500395
N2_LIKE,4,3,0,660657532,0.7,0.6857,21240,1200.000000000004,12000,stripes,0.17488659132836262,0.029013556480782427,6.0277543514598575,0.4181944420103675,0.11806432111508987,53.218324112114246,0.44573217975206614,8,9,-1,1,1,stripes,0.4719460227272727,0.2499518178377944,0.061606338843736126,0.4735365643709532,0.007260352912423766,1,44.35158853812742,0.002079278413315802,0.22517261565024693,3.9682907828363194,70.97848466600408
N2_LIKE,4,3,1,1348986346,0.7,0.6857,21240,1200.000000000004,12000,stripes,0.1855818648777704,0.029013556480782427,6.396384565976715,0.4307921365087464,0.1513267330299764,41.52065653816069,0.4528667355371901,7,14,-7,1,1,stripes,0.47294679752066116,0.25081870732809114,0.07475447408481112,0.4711635724807924,0.007565029367295801,1,44.35158853812742,0.002079278413315802,0.22517261565024693,3.9682907828363194,71.15592691600614
N2_LIKE,4,3,2,1231991888,0.7,0.6857,21240,1200.000000000004,12000,stripes,0.17433299262691404,0.029013556480782427,6.008673660617449,0.41753202586976973,0.11806432111508987,53.218324112114246,0.42633006198347106,12,11,1,1,1,stripes,0.4638752582644628,0.24866699629213113,0.06766840235563047,0.47227970486730997,0.005038183638999925,1,44.35158853812742,0.002079278413315802,0.22517261565024693,3.9682907828363194,71.127911167001
N2_LIKE,4,4,0,573555705,0.7,0.8143,25224,1200.000000000004,12000,stripes,0.07917851241787938,0.02443101568553039,3.240901378683734,0.28138676660049133,0.11806432111508987,53.218324112114246,0.5095557851239669,10,26,-16,1,1,stripes,0.5014850206611571,0.19118980305571887,0.07440608072209919,0.3751227561568001,0.009757859053061263,1,51.99835086459151,0.0005269782794125599,0.1782989840584478,3.3847227281942116,85.55294233400491
N2_LIKE,4,4,1,1428747119,0.7,0.8143,25224,1200.000000000004,12000,stripes,0.08496495013373712,0.02443101568553039,3.4777493996722697,0.2914874785196392,0.11806432111508987,53.218324112114246,0.5143982438016529,18,26,-8,1,1,stripes,0.5038739669421488,0.1921695124651392,0.06996386959072359,0.37688385534979146,0.011660522632781277,1,51.99835086459151,0.0005269782794125599,0.1782989840584478,3.3847227281942116,86.17168025000137
N2_LIKE,4,4,2,1277272789,0.7,0.8143,25224,1200.000000000004,12000,stripes,0.08392957496876587,0.024431015685530397,3.435369861371515,0.28970601472659463,0.11806432111508987,53.218324112114246,0.4783703512396694,24,21,3,1,1,stripes,0.48960485537190085,0.19189832513449173,0.07191627285513418,0.3773107950784204,0.007099084930794114,1,51.99835086459151,0.0005269782794125599,0.1782989840584478,3.3847227281942116,86.7054029580031
N2_LIKE,4,5,0,602778062,0.7,0.9429,29207,1200.000000000004,12000,uniform,0.039402430055074225,0.02109932343793675,1.8674736263926048,0.19850045353871165,0.08300733137948232,75.69434172573169,0.4924457644628099,40,41,-1,1,1,uniform,0.49683626033057854,0.15017056623531114,0.06675689074206287,0.31516671382278433,0.0035138335088755663,0,nan,-8.881784197001252e-16,0.14381988834964876,inf,98.45274995799991
N2_LIKE,4,5,1,1424660824,0.7,0.9429,29207,1200.000000000004,12000,uniform,0.043885865249564476,0.02109932343793675,2.0799655201577387,0.2094895349404463,0.11806432111508987,53.218324112114246,0.49631973140495866,22,35,-13,1,1,uniform,0.4987086776859504,0.1509219889102902,0.06688100598533028,0.3157509251858922,0.006082309076936991,0,nan,-8.881784197001252e-16,0.14381988834964876,inf,99.79714183299802
N2_LIKE,4,5,2,1306773730,0.7,0.9429,29207,1200.000000000004,12000,uniform,0.04697590539552606,0.02109932343793675,2.226417616361244,0.21673925670151695,0.11806432111508987,53.218324112114246,0.49108987603305787,26,26,0,1,1,uniform,0.49686854338842973,0.15167969250168173,0.06935952921566398,0.31648257553608977,0.0020328769441994494,0,nan,-8.881784197001252e-16,0.14381988834964876,inf,99.48867887500091
N2_LIKE,4,6,0,564860823,0.7,1.0714,33188,1200.000000000004,12000,uniform,0.03176487350948904,0.01856839639784918,1.7106955726757553,0.17822702799937232,0.1513267330299764,41.52065653816069,0.5092975206611571,31,32,-1,1,1,uniform,0.5,0.12361786069521771,0.06239238661789633,0.2812104669554751,0.0021942144459998806,0,nan,-3.787248292752565e-14,0.11863669016911021,inf,111.43805629201233
N2_LIKE,4,6,1,1454122753,0.7,1.0714,33188,1200.000000000004,12000,uniform,0.03114958545437394,0.01856839639784918,1.677559267206406,0.17649245155069365,0.1513267330299764,41.52065653816069,0.5186918904958677,16,35,-19,1,1,uniform,0.5032605888429752,0.12370654681346635,0.06224388454479143,0.28142615799272086,0.0055124252679807405,0,nan,-3.787248292752565e-14,0.11863669016911021,inf,111.61199541699898
N2_LIKE,4,6,2,1336243899,0.7,1.0714,33188,1200.000000000004,12000,uniform,0.03140645124469707,0.01856839639784918,1.6913927606766812,0.17721865377182242,0.08300733137948232,75.69434172573169,0.5004519628099173,32,24,8,1,1,uniform,0.4988378099173554,0.1236628766440025,0.06196324920555253,0.2812875242941586,0.0023719381691147848,0,nan,-3.787248292752565e-14,0.11863669016911021,inf,111.92524466601026
N2_LIKE,4,7,0,543784352,0.7,1.2,37171,1200.000000000004,12000,uniform,0.02406342308598728,0.016578729107417575,1.451463675537164,0.15512389592189618,0.19023459739863596,33.028615157805355,0.47846720041322316,33,20,13,1,1,uniform,0.49141270661157027,0.10363195665588096,0.053608881958192835,0.2601284020630497,0.002321439772077763,0,nan,-5.589972928987663e-14,0.09999999999999999,inf,118.49934333299461
N2_LIKE,4,7,1,1466846518,0.7,1.2,37171,1200.000000000004,12000,uniform,0.0223828644077953,0.01657872910741758,1.3500953096447461,0.14960903852306284,0.08300733137948232,75.69434172573169,0.4653279958677686,30,23,7,1,1,uniform,0.4824380165289256,0.10333975940092247,0.05816315306233565,0.26001568924523377,0.007970543217707134,0,nan,-5.589972928987663e-14,0.09999999999999999,inf,118.46092020800279
N2_LIKE,4,7,2,1315380364,0.7,1.2,37171,1200.000000000004,12000,uniform,0.023995873935112374,0.01657872910741758,1.4473892286699015,0.15490601645873014,0.11806432111508987,53.218324112114246,0.45380294421487605,35,13,22,1,1,uniform,0.48205061983471076,0.10360282995554536,0.05309267218878008,0.2601869352008721,0.005811606618574173,0,nan,-5.589972928987663e-14,0.09999999999999999,inf,118.16658616700443
N2_LIKE,5,0,0,407257749,0.8,0.3,9293,1200.000000000004,12000,uniform,0.06653362752718527,0.0663131324278294,1.003325059325102,0.2579411319025821,0.04309361131675091,145.80317395532944,0.43882360537190085,48,25,23,0,1,uniform,0.478854597107438,0.5460946738227959,0.46966470502583524,1.4081816339228217,0.009298981066705002,0,nan,-2.9895946829228137e-12,0.5464101615137755,inf,44.831493624995346
N2_LIKE,5,0,1,1866560003,0.8,0.3,9293,1200.000000000004,12000,uniform,0.06589578067560461,0.0663131324278294,0.993706348396692,0.25670173485117825,0.19023459739863596,33.028615157805355,0.42678202479338845,60,17,43,1,1,uniform,0.47310821280991733,0.5460551850409866,0.47025502358877347,1.4091761827567881,0.01699977870087795,0,nan,-2.9895946829228137e-12,0.5464101615137755,inf,44.61231487500481
N2_LIKE,5,0,2,1984439225,0.8,0.3,9293,1200.000000000004,12000,uniform,0.06618300183273236,0.0663131324278294,0.9980376346232979,0.25726057185805284,0.04309361131675091,145.80317395532944,0.44234245867768596,57,20,37,1,1,uniform,0.47397985537190085,0.5461155895769738,0.4598854655108275,1.4079108379119922,0.018734130908959916,0,nan,-2.9895946829228137e-12,0.5464101615137755,inf,44.4147926250007
N2_LIKE,5,1,0,428091554,0.8,0.4286,13276,1200.000000000004,12000,uniform,0.06635754974776399,0.04641819370682575,1.4295590683014057,0.25759959190139253,0.04309361131675091,145.80317395532944,0.3980501033057851,63,15,48,0,1,uniform,0.4643272210743802,0.4503507427383479,0.1970506123935332,1.1672623804561102,0.005323878106826446,0,nan,-7.993466999423049e-13,0.44941083819339117,inf,52.709901042006095
N2_LIKE,5,1,1,1854085172,0.8,0.4286,13276,1200.000000000004,12000,uniform,0.13360151582420618,0.04641819370682575,2.87821444901593,0.3655154111993175,0.04309361131675091,145.80317395532944,0.02440599173553719,5,1,4,0,1,uniform,0.4082838326446281,0.4541566602415014,0.06850629834697153,1.1505382471997694,0.010329170770923752,0,nan,-7.993466999423049e-13,0.44941083819339117,inf,53.0142407079984
N2_LIKE,5,1,2,2005551502,0.8,0.4286,13276,1200.000000000004,12000,uniform,0.10063346952954237,0.04641819370682575,2.1679746989970514,0.31722778807907476,0.08300733137948232,75.69434172573169,0.29438920454545453,96,6,90,0,1,uniform,0.43104338842975204,0.45197165753196517,0.0837449615827249,1.1550876303577278,0.006727112738120692,0,nan,-7.993466999423049e-13,0.44941083819339117,inf,52.86186441700556
N2_LIKE,5,2,0,465737467,0.8,0.5571,17257,1200.000000000004,12000,dots,0.5505045150458412,0.03571002721514855,15.41596458969686,0.7419599147163148,0.11806432111508987,53.218324112114246,0.16906637396694216,11,1,10,0,1,dots,0.2791516012396694,0.4118513815924352,0.05186493132720911,0.7812107463128365,0.0015645507362069327,1,60.31800713421638,0.0026275844106954035,0.3631777883575715,2.917868284480525,63.955503082994255
N2_LIKE,5,2,1,1824892525,0.8,0.5571,17257,1200.000000000004,12000,dots,0.5833564217669859,0.035710027215148564,16.335927672424738,0.763777730604255,0.11806432111508987,53.218324112114246,0.1496642561983471,9,1,8,0,1,dots,0.25393853305785125,0.4142641964887775,0.0509380663251833,0.7920950681796469,0.003748164809183862,1,60.31800713421638,0.0026275844106954035,0.3631777883575715,2.917868284480525,63.61859616599395
N2_LIKE,5,2,2,1976367063,0.8,0.5571,17257,1200.000000000004,12000,dots,0.5692423807442385,0.035710027215148564,15.940687396137294,0.7544815310822648,0.11806432111508987,53.218324112114246,0.16248063016528927,10,1,9,0,1,dots,0.26672262396694213,0.4130822936750149,0.047019669323197816,0.7852868041145036,0.0029202909009093344,1,60.31800713421638,0.0026275844106954035,0.3631777883575715,2.917868284480525,63.886045207997086
N2_LIKE,5,3,0,436272332,0.8,0.6857,21240,1200.000000000004,12000,dots,0.47217453046821445,0.029013556480782427,16.274272710447146,0.6871495692119834,0.11806432111508987,53.218324112114246,0.270338326446281,7,1,6,0,1,dots,0.34839876033057854,0.35332057882437135,0.054976640645414326,0.6164122156211994,0.010626791324967912,1,40.755537117534516,0.006006184983965962,0.2900830707075439,4.318431615621583,68.75124304099882
N2_LIKE,5,3,1,1829227610,0.8,0.6857,21240,1200.000000000004,12000,dots,0.44512574507927094,0.029013556480782427,15.341991781466254,0.6671774464707804,0.11806432111508987,53.218324112114246,0.25916838842975204,12,1,11,0,1,dots,0.33832644628099173,0.34827119547581953,0.051897996575311724,0.6266297843541697,0.003182446542265067,1,40.755537117534516,0.006006184983965962,0.2900830707075439,4.318431615621583,68.59823654100182
N2_LIKE,5,3,2,1947114976,0.8,0.6857,21240,1200.000000000004,12000,dots,0.4730037860476293,0.029013556480782427,16.302854369505877,0.68775270704493,0.11806432111508987,53.218324112114246,0.27940986570247933,7,2,5,0,1,dots,0.3456224173553719,0.3524511461919744,0.0531905342254971,0.6176071658045088,0.010893044052648718,1,40.755537117534516,0.006006184983965962,0.2900830707075439,4.318431615621583,68.52077866700711
N2_LIKE,5,4,0,525331017,0.8,0.8143,25224,1200.000000000004,12000,stripes,0.34299526180236983,0.0244310156855304,14.03933697302292,0.5856579733960512,0.1513267330299764,41.52065653816069,0.4006327479338843,2,3,-1,1,1,stripes,0.43624096074380164,0.2918694961383191,0.051125367905533306,0.49854853491841983,0.0028173006425375345,1,37.69889017360329,0.004033032486431193,0.23140869853463097,4.668572448406849,76.86366408399772
N2_LIKE,5,4,1,1749605087,0.8,0.8143,25224,1200.000000000004,12000,stripes,0.3232853423030231,0.024431015685530397,13.232578885146115,0.5685818694814522,0.11806432111508987,53.218324112114246,0.4134168388429752,2,7,-5,1,1,stripes,0.44605501033057854,0.28980568601156304,0.04865045273979437,0.4983773507503476,0.004272498917970194,1,37.69889017360329,0.004033032486431193,0.23140869853463097,4.668572448406849,77.13509387499653
N2_LIKE,5,4,2,1900120933,0.8,0.8143,25224,1200.000000000004,12000,stripes,0.2897122208950935,0.024431015685530397,11.858378080723003,0.5382492182020272,0.11806432111508987,53.218324112114246,0.4260395144628099,2,4,-2,1,1,stripes,0.4533832644628099,0.2834526423276588,0.05635347218235751,0.4958596483933125,0.007892729023070378,1,37.69889017360329,0.004033032486431193,0.23140869853463097,4.668572448406849,76.85938441699545
N2_LIKE,5,5,0,512589950,0.8,0.9429,29207,1200.000000000004,12000,stripes,0.16489385699496606,0.021099323437936746,7.815125327596317,0.40607124620559637,0.11806432111508987,53.218324112114246,0.5635330578512396,2,24,-22,1,1,stripes,0.5263752582644629,0.22225875927165883,0.06274433619169043,0.4039785243598611,0.008352593783642576,1,40.755537117534516,0.0014319798999267858,0.18636504592855763,4.318431615621583,86.26592737498868
N2_LIKE,5,5,1,1770696936,0.8,0.9429,29207,1200.000000000004,12000,stripes,0.16408087761040077,0.02109932343793675,7.776594263462593,0.4050689788300269,0.1513267330299764,41.52065653816069,0.5648889462809917,3,22,-19,1,0,stripes,0.5289256198347108,0.22222968590315614,0.06331510473783925,0.40596032544425686,0.0029411200136532385,1,40.755537117534516,0.0014319798999267858,0.18636504592855763,4.318431615621583,86.43214666700806
N2_LIKE,5,5,2,1887691090,0.8,0.9429,29207,1200.000000000004,12000,stripes,0.16123481852786542,0.02109932343793675,7.641705621610783,0.4015405565168547,0.1513267330299764,41.52065653816069,0.5535575929752066,2,27,-25,1,0,stripes,0.5204997417355371,0.22182018589964636,0.05101250589650415,0.40469205789726653,0.007006844918242575,1,40.755537117534516,0.0014319798999267858,0.18636504592855763,4.318431615621583,86.76171437499579
N2_LIKE,5,6,0,483081767,0.8,1.0714,33188,1200.000000000004,12000,stripes,0.06612133138995978,0.01856839639784918,3.5609607837550667,0.25714068404272356,0.1513267330299764,41.52065653816069,0.5920712809917356,4,61,-57,1,0,stripes,0.5274405991735537,0.1672568358783244,0.06811384825136059,0.33570178681057794,0.010217230483535707,1,62.83123229922073,0.0001547451230091701,0.1526555674139263,2.801154673552103,101.66379229199083
N2_LIKE,5,6,1,1808535217,0.8,1.0714,33188,1200.000000000004,12000,stripes,0.0656553851850116,0.01856839639784918,3.5358672756801233,0.25623306809428714,0.1513267330299764,41.52065653816069,0.6168969524793388,5,59,-54,1,0,stripes,0.5357050619834711,0.1678084834115045,0.05755915793251682,0.33603855992726334,0.0023913213662472687,1,62.83123229922073,0.0001547451230091701,0.1526555674139263,2.801154673552103,101.476280916002
N2_LIKE,5,6,2,1925537547,0.8,1.0714,33188,1200.000000000004,12000,stripes,0.07680642300608073,0.01856839639784918,4.136405824198011,0.27713971748214067,0.1513267330299764,41.52065653816069,0.5816115702479339,3,37,-34,1,0,stripes,0.5276342975206612,0.17038019380400685,0.0663697122366889,0.33788764545560285,0.006843907246907776,1,62.83123229922073,0.0001547451230091701,0.1526555674139263,2.801154673552103,101.43289666700002
N2_LIKE,5,7,0,487150608,0.8,1.2,37171,1200.000000000004,12000,uniform,0.03316396851715794,0.01657872910741758,2.0003926900717537,0.18210977051536234,0.11806432111508987,53.218324112114246,0.50364798553719,21,31,-10,1,1,uniform,0.5014850206611571,0.13394023173126715,0.06304494099345312,0.2936009049133264,0.004027766771083973,0,nan,-1.912359159916832e-14,0.1274917217635375,inf,112.91174533299636
N2_LIKE,5,7,1,1779328134,0.8,1.2,37171,1200.000000000004,12000,uniform,0.03235351131746846,0.01657872910741758,1.9515073265171456,0.17987081841551858,0.19023459739863596,33.028615157805355,0.4928331611570248,29,21,8,1,1,uniform,0.49702995867768596,0.13345499244054546,0.053386973287970506,0.29296913455050927,0.004778227688544366,0,nan,-1.912359159916832e-14,0.1274917217635375,inf,113.21008291600447
N2_LIKE,5,7,2,1929852220,0.8,1.2,37171,1200.000000000004,12000,uniform,0.032415438507079154,0.01657872910741758,1.955242666494622,0.18004287963448917,0.11806432111508987,53.218324112114246,0.4872159090909091,26,22,4,1,1,uniform,0.49522210743801653,0.1338415920678449,0.05693350162765079,0.2937760929056071,0.006050671258010527,0,nan,-1.912359159916832e-14,0.1274917217635375,inf,113.68258462499944
N2_LIKE,6,0,0,1608923205,0.9,0.3,9293,1200.000000000004,12000,uniform,0.060816176079965104,0.0663131324278294,0.9171060671301149,0.24660935927082148,0.04309361131675091,145.80317395532944,0.4587422520661157,44,25,19,1,1,uniform,0.4845686983471074,0.6400247318589982,0.5681988237983014,1.519310712163314,0.00888889369604321,0,nan,-4.114375506958368e-12,0.6405124837953328,inf,45.203591625002446
N2_LIKE,6,0,1,685836499,0.9,0.3,9293,1200.000000000004,12000,uniform,0.06471390144663408,0.0663131324278294,0.9758836459288693,0.2543892714849313,0.08300733137948232,75.69434172573169,0.42997804752066116,63,10,53,0,1,uniform,0.47397985537190085,0.6400228587116051,0.537476073340204,1.5189979224269634,0.00236001978482739,0,nan,-4.114375506958368e-12,0.6405124837953328,inf,45.1832264590048
N2_LIKE,6,0,2,837310825,0.9,0.3,9293,1200.000000000004,12000,uniform,0.05877884575850079,0.0663131324278294,0.8863831884652954,0.24244348982495031,0.08300733137948232,75.69434172573169,0.45544938016528924,54,24,30,1,1,uniform,0.4813081095041322,0.6400329845682237,0.5637009382131223,1.5191410404327526,0.01492448386417313,0,nan,-4.114375506958368e-12,0.6405124837953328,inf,44.91418133399566
N2_LIKE,6,1,0,1579438706,0.9,0.4286,13276,1200.000000000004,12000,uniform,0.05232349201660978,0.04641819370682575,1.1272194766362842,0.22874328846243727,0.04309361131675091,145.80317395532944,0.44053460743801653,57,15,42,0,1,uniform,0.4779506714876033,0.5381798537456087,0.40381415692202755,1.3906076919102839,0.01056074719061483,0,nan,-2.440873891895734e-12,0.5385235961496907,inf,51.39093683399551
N2_LIKE,6,1,1,690184932,0.9,0.4286,13276,1200.000000000004,12000,uniform,0.05201589766477754,0.04641819370682574,1.1205928863433705,0.22806994029195854,0.08300733137948232,75.69434172573169,0.4299457644628099,56,18,38,1,1,uniform,0.47301136363636365,0.5382615224902831,0.41690624463696146,1.3904272113098346,0.008239911047266011,0,nan,-2.440873891895734e-12,0.5385235961496907,inf,51.53395291599736
N2_LIKE,6,1,2,808072030,0.9,0.4286,13276,1200.000000000004,12000,uniform,0.04850637164096622,0.04641819370682575,1.044986195441582,0.2202416210459917,0.04309361131675091,145.80317395532944,0.44047004132231404,69,19,50,0,1,uniform,0.4768207644628099,0.5382298486877748,0.43099627854571965,1.391463460752845,0.00766438566521032,0,nan,-2.440873891895734e-12,0.5385235961496907,inf,51.51894850000099
N2_LIKE,6,2,0,1549986859,0.9,0.5571,17257,1200.000000000004,12000,dots,0.7108267734097083,0.03571002721514855,19.90552314976026,0.8431054343376683,0.08300733137948232,75.69434172573169,0.09746255165289257,5,1,4,0,1,dots,0.1836583161157025,0.500785109451278,0.03760058371165057,0.9755358744688393,0.0023451054883659945,0,nan,-1.8976487048405488e-13,0.44510120500316386,inf,66.87708833299985
N2_LIKE,6,2,1,728095933,0.9,0.5571,17257,1200.000000000004,12000,dots,0.5810857691781314,0.035710027215148564,16.272341818088247,0.7622898196736799,0.08300733137948232,75.69434172573169,0.09743026859504132,5,1,4,0,1,dots,0.20212422520661158,0.49085681304011297,0.04933384447461909,0.9973320009474884,0.008291031046161582,0,nan,-1.8976487048405488e-13,0.44510120500316386,inf,62.01354708299914
N2_LIKE,6,2,2,845974791,0.9,0.5571,17257,1200.000000000004,12000,dots,0.5815790188101851,0.03571002721514855,16.2861544547766,0.7626132826080235,0.08300733137948232,75.69434172573169,0.08819731404958678,6,1,5,0,1,dots,0.20457773760330578,0.48966386998508926,0.0422402118242152,1.0066284083191173,0.011056110115481214,0,nan,-1.8976487048405488e-13,0.44510120500316386,inf,66.70577733400569
N2_LIKE,6,3,0,1570801180,0.9,0.6857,21240,1200.000000000004,12000,dots,0.6641999051578483,0.029013556480782427,22.892743452454418,0.8149846042459012,0.11806432111508987,53.218324112114246,0.17232696280991736,12,1,11,0,1,dots,0.2595880681818182,0.4397055490969662,0.04430851548107795,0.7733316940738427,0.004878825528087066,1,48.64364452267008,0.0063002422551993315,0.362545026973263,3.6181499500510546,87.08456887499779
N2_LIKE,6,3,1,715634314,0.9,0.6857,21240,1200.000000000004,12000,dots,0.6560415312258421,0.029013556480782427,22.611551660699757,0.8099639073599774,0.08300733137948232,75.69434172573169,0.16880810950413222,11,1,10,0,1,dots,0.2532605888429752,0.4395384159308404,0.0422332149373967,0.7845559145810089,0.004949655424393249,1,48.64364452267008,0.0063002422551993315,0.362545026973263,3.6181499500510546,93.75235537499248
N2_LIKE,6,3,2,867100464,0.9,0.6857,21240,1200.000000000004,12000,dots,0.6424465668830109,0.029013556480782427,22.142978828140055,0.8015276457384429,0.11806432111508987,53.218324112114246,0.1798489152892562,11,1,10,0,1,dots,0.2629455061983471,0.43719992765816335,0.044727546897739556,0.7708733389322328,0.004367584358766397,1,48.64364452267008,0.0063002422551993315,0.362545026973263,3.6181499500510546,89.25244137500704
N2_LIKE,6,4,0,1492095129,0.9,0.8143,25224,1200.000000000004,12000,dots,0.5483251169221132,0.024431015685530397,22.44381175060463,0.7404897817810271,0.11806432111508987,53.218324112114246,0.26762654958677684,9,2,7,0,1,dots,0.3334194214876033,0.38357112921275005,0.042272212767316054,0.6341239984581306,0.000281509564125653,1,35.903715185385245,0.009521757716327309,0.2929351920705186,4.9019996702636925,88.69290487500257
N2_LIKE,6,4,1,803774479,0.9,0.8143,25224,1200.000000000004,12000,dots,0.558076895281376,0.02443101568553039,22.842967417515304,0.7470454439198301,0.11806432111508987,53.218324112114246,0.27430914256198347,8,1,7,0,1,dots,0.33629261363636365,0.38580450823374607,0.042708651940976144,0.6304168790694751,0.0018261702398271549,1,35.903715185385245,0.009521757716327309,0.2929351920705186,4.9019996702636925,88.81765333400108
N2_LIKE,6,4,2,920777141,0.9,0.8143,25224,1200.000000000004,12000,dots,0.517601371165018,0.024431015685530397,21.18624038506817,0.7194451828770682,0.11806432111508987,53.218324112114246,0.27999096074380164,9,1,8,0,1,dots,0.3431689049586777,0.3786332001818085,0.04524303461753195,0.6291354439532022,0.0038033810472189655,1,35.903715185385245,0.009521757716327309,0.2929351920705186,4.9019996702636925,98.61952337500406
N2_LIKE,6,5,0,1496185518,0.9,0.9429,29207,1200.000000000004,12000,stripes,0.42474893641087813,0.021099323437936746,20.13092683565276,0.6517276550913564,0.1513267330299764,41.52065653816069,0.35914901859504134,3,1,2,1,1,stripes,0.4073153409090909,0.3260006186710298,0.044550531003093564,0.5258889879843891,0.006498869137367789,1,33.51014693872508,0.006427670975357444,0.23694115178616915,5.252140503048957,90.06106137500319
N2_LIKE,6,5,1,774556216,0.9,0.9429,29207,1200.000000000004,12000,stripes,0.4261882900319065,0.021099323437936746,20.19914483445553,0.6528309812132896,0.11806432111508987,53.218324112114246,0.37619447314049587,2,4,-2,1,1,stripes,0.4186144111570248,0.32548109633982464,0.04843473946224685,0.5162554736388633,0.004834908897058687,1,33.51014693872508,0.006427670975357444,0.23694115178616915,5.252140503048957,90.6299105000071
N2_LIKE,6,5,2,925080450,0.9,0.9429,29207,1200.000000000004,12000,stripes,0.4301106068896546,0.02109932343793675,20.38504258938997,0.6558281839702031,0.1513267330299764,41.52065653816069,0.3761299070247934,2,2,0,1,1,stripes,0.4155152376033058,0.328304040476233,0.05027242261320784,0.5207714291504243,0.011302165539353625,1,33.51014693872508,0.006427670975357444,0.23694115178616915,5.252140503048957,96.60176024999237
N2_LIKE,6,6,0,1533756663,0.9,1.0714,33188,1200.000000000004,12000,stripes,0.279175194293539,0.01856839639784918,15.03496523404016,0.5283703192776247,0.1513267330299764,41.52065653816069,0.5071991219008265,1,9,-8,1,0,stripes,0.5032605888429752,0.2652189172264547,0.055446431999559155,0.4368401868030172,0.004558213633553301,1,35.06874972506779,0.002735751442217771,0.19356355704814956,5.018713281192114,92.70530495799903
N2_LIKE,6,6,1,745305185,0.9,1.0714,33188,1200.000000000004,12000,stripes,0.27618111436795106,0.01856839639784918,14.87371921895968,0.5255293658473816,0.1513267330299764,41.52065653816069,0.49118672520661155,1,7,-6,1,0,stripes,0.49360795454545453,0.2637436896191569,0.050332857088823645,0.438213127791575,0.004929789343689797,1,35.06874972506779,0.002735751442217771,0.19356355704814956,5.018713281192114,92.83913462499913
N2_LIKE,6,6,2,895821275,0.9,1.0714,33188,1200.000000000004,12000,stripes,0.26343303525133493,0.01856839639784918,14.18717209644711,0.513257279784062,0.1513267330299764,41.52065653816069,0.5118155991735537,1,9,-8,1,1,stripes,0.5053912706611571,0.26280540033293387,0.054312820901013685,0.4365742101047792,0.0022041933684184205,1,35.06874972506779,0.002735751442217771,0.19356355704814956,5.018713281192114,91.23287295800401
N2_LIKE,6,7,0,1521036992,0.9,1.2,37171,1200.000000000004,12000,stripes,0.11674819198798328,0.01657872910741758,7.042047145564876,0.3416843455412953,0.1513267330299764,41.52065653816069,0.6436273243801653,4,38,-34,1,0,stripes,0.5502647210743802,0.19358493895439052,0.05788554814132082,0.3620974570228264,0.0024396134927679117,1,44.35158853812742,0.0006309067438656918,0.16055512754639895,3.9682907828363194,99.53098474998842
N2_LIKE,6,7,1,766385750,0.9,1.2,37171,1200.000000000004,12000,stripes,0.13402406358332794,0.016578729107417572,8.084097563507662,0.366092971229069,0.1513267330299764,41.52065653816069,0.6065986570247934,1,24,-23,1,0,stripes,0.550103305785124,0.19818443391133897,0.061013150240055485,0.36660654379165486,0.007419731030143306,1,44.35158853812742,0.0006309067438656918,0.16055512754639895,3.9682907828363194,101.19816266700218
N2_LIKE,6,7,2,883380204,0.9,1.2,37171,1200.000000000004,12000,stripes,0.12391532370820212,0.016578729107417575,7.474356020013652,0.3520160844453022,0.1513267330299764,41.52065653816069,0.6431430785123967,1,43,-42,1,0,stripes,0.5512332128099173,0.19556631096724825,0.06125497955730927,0.36334030027373265,0.003149503155491888,1,44.35158853812742,0.0006309067438656918,0.16055512754639895,3.9682907828363194,99.35245970799588
N2_LIKE,7,0,0,1652953589,1.0,0.3,9293,1200.000000000004,12000,uniform,0.06842032662098536,0.0663131324278294,1.0317764237038463,0.261572794114727,0.22624739603167093,27.771304410062882,0.4579351756198347,51,24,27,0,1,uniform,0.48069473140495866,0.7353232535743904,0.6433744394280898,1.5674314422491398,0.0014642932557019925,0,nan,-4.69686095572186e-12,0.7358898943540675,inf,37.47260720799386
N2_LIKE,7,0,1,360784227,1.0,0.3,9293,1200.000000000004,12000,uniform,0.06461880055789679,0.06631313242782941,0.9744495274480268,0.25420228275508616,0.29938953851931166,20.986656174608783,0.43924328512396693,52,20,32,0,1,uniform,0.476691632231405,0.7353070324374515,0.6603508102381443,1.56779926627325,0.010946128864532738,0,nan,-4.69686095572186e-12,0.7358898943540675,inf,37.283731249990524
N2_LIKE,7,0,2,210268377,1.0,0.3,9293,1200.000000000004,12000,uniform,0.06602214235687495,0.0663131324278294,0.9956118786686614,0.2569477424630832,0.08300733137948232,75.69434172573169,0.4505100723140496,54,20,34,1,1,uniform,0.4797585227272727,0.7353365066049293,0.6447592327291348,1.5675521680263762,0.0007870465339759581,0,nan,-4.69686095572186e-12,0.7358898943540675,inf,37.20038958400255
N2_LIKE,7,1,0,1665432514,1.0,0.4286,13276,1200.000000000004,12000,uniform,0.043647805253264595,0.04641819370682574,0.9403167544377375,0.20892057163732008,0.04309361131675091,145.80317395532944,0.45929106404958675,41,23,18,1,1,uniform,0.48427815082644626,0.6294890861483587,0.5437261628649372,1.509545431846728,0.012447880114125766,0,nan,-3.789198121939563e-12,0.6301039680327774,inf,46.45588345800934
N2_LIKE,7,1,1,339954516,1.0,0.4286,13276,1200.000000000004,12000,uniform,0.042036511636396844,0.046418193706825754,0.9056042098901279,0.20502807523945799,0.29938953851931166,20.986656174608783,0.443827479338843,50,17,33,1,1,uniform,0.47691761363636365,0.6294805003225229,0.5396511957285488,1.510153588887805,0.012595650670776377,0,nan,-3.789198121939563e-12,0.6301039680327774,inf,46.513965625010314
N2_LIKE,7,1,2,222960366,1.0,0.4286,13276,1200.000000000004,12000,uniform,0.0478091774018981,0.04641819370682575,1.0299663468996167,0.2186530983130541,0.04309361131675091,145.80317395532944,0.44812112603305787,56,20,36,0,1,uniform,0.4770467458677686,0.6295104078054442,0.5341001691303572,1.508615817444291,0.002407721506311452,0,nan,-3.789198121939563e-12,0.6301039680327774,inf,46.546918082996854
N2_LIKE,7,2,0,1627571611,1.0,0.5571,17257,1200.000000000004,12000,uniform,0.03816784875875248,0.03571002721514855,1.0688272100381178,0.19536593551270007,0.04309361131675091,145.80317395532944,0.45712809917355374,52,19,33,1,1,uniform,0.48369705578512395,0.5308816143490807,0.39423794928854783,1.375708926752479,0.006480027878017524,0,nan,-1.889030598611896e-12,0.5311653075697502,inf,53.85781054200197
N2_LIKE,7,2,1,369489165,1.0,0.5571,17257,1200.000000000004,12000,uniform,0.0375317208525244,0.03571002721514855,1.0510135045935523,0.19373105288653236,0.08300733137948232,75.69434172573169,0.4751743285123967,39,30,9,1,1,uniform,0.48766787190082644,0.5308473440272184,0.42019357164602567,1.3764767012974255,0.013261224006737503,0,nan,-1.889030598611896e-12,0.5311653075697502,inf,53.67625650000991
N2_LIKE,7,2,2,252486839,1.0,0.5571,17257,1200.000000000004,12000,uniform,0.037039892716417534,0.035710027215148564,1.037240674538182,0.1924575088595338,0.11806432111508987,53.218324112114246,0.468620867768595,37,23,14,1,1,uniform,0.4865702479338843,0.5308749259109444,0.402825291513475,1.3776540313063603,0.00866847933508791,0,nan,-1.889030598611896e-12,0.5311653075697502,inf,53.779513625006075
N2_LIKE,7,3,0,1623240620,1.0,0.6857,21240,1200.000000000004,12000,dots,0.8075769908122158,0.029013556480782427,27.83447080495377,0.8986528755933605,0.11806432111508987,53.218324112114246,0.1167032541322314,9,1,8,0,1,dots,0.19692665289256198,0.5266458851327193,0.03768010302211205,0.9215306903100694,0.006891815573381456,1,94.24637722160071,0.0007160003884982558,0.44103788911848846,1.8674457861247302,115.51376570799039
N2_LIKE,7,3,1,398958394,1.0,0.6857,21240,1200.000000000004,12000,dots,0.8371544503896119,0.029013556480782427,28.853906653743532,0.9149614474881507,0.08300733137948232,75.69434172573169,0.11770402892561983,6,1,5,0,1,dots,0.1903409090909091,0.5299381443236025,0.03553848098893167,0.9197487577255623,0.0024751017886379552,1,94.24637722160071,0.0007160003884982558,0.44103788911848846,1.8674457861247302,105.75033004098805
N2_LIKE,7,3,2,248434304,1.0,0.6857,21240,1200.000000000004,12000,dots,0.8858233791473403,0.029013556480782427,30.53136142527301,0.9411819054504503,0.08300733137948232,75.69434172573169,0.11237732438016529,7,1,6,0,1,dots,0.18110795454545456,0.532726855027912,0.03683089599334952,0.9187611974489145,0.011645281664897629,1,94.24637722160071,0.0007160003884982558,0.44103788911848846,1.8674457861247302,108.60054712501005
N2_LIKE,7,4,0,1703917865,1.0,0.8143,25224,1200.000000000004,12000,dots,0.7338820253981566,0.024431015685530397,30.03894863989663,0.8566691458189425,0.1513267330299764,41.52065653816069,0.1757166838842975,12,1,11,0,1,dots,0.25597236570247933,0.46837295092055603,0.03635142885817922,0.7712490711820118,0.005668230155903354,1,41.88762782352708,0.010544987995103436,0.36196772514230546,4.201718004693162,134.34951983300562
N2_LIKE,7,4,1,310938047,1.0,0.8143,25224,1200.000000000004,12000,dots,0.6879477141443462,0.024431015685530397,28.15878484134381,0.8294261354360292,0.11806432111508987,53.218324112114246,0.1763623450413223,12,1,11,0,1,dots,0.259426652892562,0.4644718612253707,0.03813520135240799,0.7800369095545933,0.011023022019055197,1,41.88762782352708,0.010544987995103436,0.36196772514230546,4.201718004693162,138.4450162909925
N2_LIKE,7,4,2,193058821,1.0,0.8143,25224,1200.000000000004,12000,dots,0.719234579402117,0.02443101568553039,29.439405576088827,0.848076989077122,0.11806432111508987,53.218324112114246,0.18553073347107438,11,1,10,0,1,dots,0.25858729338842973,0.4688506275725769,0.03597179273388717,0.7662649029942729,0.004624439918247287,1,41.88762782352708,0.010544987995103436,0.36196772514230546,4.201718004693162,137.2170540419902
N2_LIKE,7,5,0,1682821918,1.0,0.9429,29207,1200.000000000004,12000,dots,0.6618341675231851,0.02109932343793675,31.36755401043818,0.813531909345408,0.11806432111508987,53.218324112114246,0.2508393595041322,8,1,7,0,1,dots,0.31598657024793386,0.4231419789870332,0.03760158865918045,0.6442634934812431,0.0070112254300239325,1,32.78166928428884,0.013336243586473978,0.2955044170697106,5.368854113977378,151.89424629199493
N2_LIKE,7,5,1,323675016,1.0,0.9429,29207,1200.000000000004,12000,dots,0.6497434992979059,0.02109932343793675,30.79451818486568,0.806066684150825,0.11806432111508987,53.218324112114246,0.2604919938016529,7,1,6,0,1,dots,0.3212164256198347,0.42213475384096155,0.038616810327595404,0.6401273751871746,0.00893626295434706,1,32.78166928428884,0.013336243586473978,0.2955044170697106,5.368854113977378,151.77603425001143
N2_LIKE,7,5,2,172208690,1.0,0.9429,29207,1200.000000000004,12000,dots,0.6614368168540888,0.021099323437936753,31.348721621320813,0.813287659351898,0.11806432111508987,53.218324112114246,0.2559400826446281,8,1,7,0,1,dots,0.316277117768595,0.4234454098702035,0.03736903497668193,0.6407788088004971,0.004699294080462366,1,32.78166928428884,0.013336243586473978,0.2955044170697106,5.368854113977378,155.96111220800958
N2_LIKE,7,6,0,1712024903,1.0,1.0714,33188,1200.000000000004,12000,dots,0.5231896173998608,0.01856839639784918,28.176349006662903,0.7233184757766532,0.1513267330299764,41.52065653816069,0.34313662190082644,3,1,2,0,1,stripes,0.38888171487603307,0.36713548808377705,0.039640847755529535,0.544142486512649,0.004428444782716354,1,30.159148329647824,0.009175768363367975,0.24193468986052136,5.835708557691065,162.57206558299367
N2_LIKE,7,6,1,286023121,1.0,1.0714,33188,1200.000000000004,12000,stripes,0.523675738050812,0.01856839639784918,28.202529008453876,0.7236544327583518,0.11806432111508987,53.218324112114246,0.3490444214876033,2,2,0,1,1,stripes,0.39156120867768596,0.36983023623125527,0.04073099540959829,0.5400141778912579,0.0026661372475529537,1,30.159148329647824,0.009175768363367975,0.24193468986052136,5.835708557691065,159.35199300000386
N2_LIKE,7,6,2,134548587,1.0,1.0714,33188,1200.000000000004,12000,stripes,0.4915501588444014,0.01856839639784918,26.472407649663207,0.7011063819738067,0.11806432111508987,53.218324112114246,0.34429881198347106,4,1,3,1,1,stripes,0.39194860537190085,0.36312831112674526,0.04548651697850281,0.546605858296802,0.0053568464520859,1,30.159148329647824,0.009175768363367975,0.24193468986052136,5.835708557691065,156.6047584580083
N2_LIKE,7,7,0,1741227888,1.0,1.2,37171,1200.000000000004,12000,stripes,0.3732680989428074,0.01657872910741758,22.514880153014953,0.6109567079121133,0.11806432111508987,53.218324112114246,0.4479274276859504,2,6,-4,1,0,stripes,0.46397210743801653,0.30754195538972995,0.04432849491881014,0.46478393830189324,0.008857725660828455,1,31.415773226924575,0.0043926305928601445,0.20000000000000004,5.602281335834222,160.92276108299848
N2_LIKE,7,7,1,281950182,1.0,1.2,37171,1200.000000000004,12000,stripes,0.3850657947342222,0.016578729107417575,23.226496569145212,0.6205366989423126,0.1513267330299764,41.52065653816069,0.44592587809917356,1,8,-7,1,1,stripes,0.46229338842975204,0.31109911202846424,0.043932370141394346,0.4691026901650921,0.00498257074394425,1,31.415773226924575,0.0043926305928601445,0.20000000000000004,5.602281335834222,155.62197187500715
N2_LIKE,7,7,2,164062812,1.0,1.2,37171,1200.000000000004,12000,stripes,0.37745622164893816,0.016578729107417575,22.76750040387948,0.6143746590224389,0.1513267330299764,41.52065653816069,0.44072830578512395,1,6,-5,1,1,stripes,0.4597753099173554,0.3074407378221603,0.04441769727383178,0.468447420699477,0.006303040256907848,1,31.415773226924575,0.0043926305928601445,0.20000000000000004,5.602281335834222,154.8999541660014
